date,campaign_name,spend,impressions,clicks
2023-09-04,google_ads_brand,7090.061049913839,418228,5592
2023-09-05,google_ads_brand,12166.585442093163,589745,11441
2023-09-06,google_ads_brand,11621.04869015858,787394,12934
2023-09-07,google_ads_brand,10688.455596500475,526700,15949
2023-09-08,google_ads_brand,6849.663737506973,333037,8798
2023-09-09,google_ads_brand,5495.568043046522,379958,7415
2023-09-10,google_ads_brand,7756.107440780444,352799,11002
2023-09-11,google_ads_brand,8396.37159110831,596323,16071
2023-09-12,google_ads_brand,6743.064043175901,484186,6103
2023-09-13,google_ads_brand,6068.430232318833,351540,4434
2023-09-14,google_ads_brand,11220.702114109092,791788,15346
2023-09-15,google_ads_brand,10613.735945759761,557566,18571
2023-09-16,google_ads_brand,17330.369840734926,1080919,14942
2023-09-17,google_ads_brand,17184.916232793177,1076620,23667
2023-09-18,google_ads_brand,6048.188735779415,353896,4652
2023-09-19,google_ads_brand,12429.289765443022,711507,24176
2023-09-20,google_ads_brand,10032.790331123188,479342,15669
2023-09-21,google_ads_brand,10414.718964154941,715031,13259
2023-09-22,google_ads_brand,17271.57819322508,1039997,14261
2023-09-23,google_ads_brand,8773.541829411524,597606,8557
2023-09-24,google_ads_brand,6522.882180862835,383257,8174
2023-09-25,google_ads_brand,3265.6520371152073,196502,4694
2023-09-26,google_ads_brand,3709.2093618013237,213610,4780
2023-09-27,google_ads_brand,12712.428664615476,895788,10949
2023-09-28,google_ads_brand,9111.015608269603,677154,18740
2023-09-29,google_ads_brand,9201.252854110911,416049,9040
2023-09-30,google_ads_brand,12563.703638054929,828283,25406
2023-10-01,google_ads_brand,4923.2678360325535,247934,7124
2023-10-02,google_ads_brand,12790.494649821767,954635,26071
2023-10-03,google_ads_brand,7039.438736734621,395145,7782
2023-10-04,google_ads_brand,6161.7720496325865,366827,9948
2023-10-05,google_ads_brand,6450.604603222067,327573,6180
2023-10-06,google_ads_brand,11298.632091580532,813840,9910
2023-10-07,google_ads_brand,10752.758271292425,587535,20431
2023-10-08,google_ads_brand,5627.6195977160005,318804,5243
2023-10-09,google_ads_brand,7142.029234254522,401135,13061
2023-10-10,google_ads_brand,5171.801327566127,264441,6964
2023-10-11,google_ads_brand,9482.574509847138,662368,9069
2023-10-12,google_ads_brand,8150.350823445671,370794,12790
2023-10-13,google_ads_brand,6778.631069864012,326852,10181
2023-10-14,google_ads_brand,9636.100932657579,607714,15379
2023-10-15,google_ads_brand,4548.43210236496,284605,3968
2023-10-16,google_ads_brand,4870.181215098297,233951,6707
2023-10-17,google_ads_brand,7529.582484883321,416248,10572
2023-10-18,google_ads_brand,5537.548675148326,264761,4267
2023-10-19,google_ads_brand,8540.136751024444,481717,12284
2023-10-20,google_ads_brand,9246.276771468472,646160,18479
2023-10-21,google_ads_brand,3037.5716344522248,184868,4241
2023-10-22,google_ads_brand,9200.892467924916,563769,19361
2023-10-23,google_ads_brand,7590.16296770796,352658,6749
2023-10-24,google_ads_brand,6014.947421165015,376484,6715
2023-10-25,google_ads_brand,6732.598197693568,409171,5179
2023-10-26,google_ads_brand,12352.845836456561,892832,12450
2023-10-27,google_ads_brand,4263.920817944741,214753,3801
2023-10-28,google_ads_brand,5126.602586531756,363015,7190
2023-10-29,google_ads_brand,6606.6421725004,447484,14340
2023-10-30,google_ads_brand,3162.692226765362,235076,2382
2023-10-31,google_ads_brand,7809.792220986512,404197,10174
2023-11-01,google_ads_brand,6582.35840221022,329512,6471
2023-11-02,google_ads_brand,6872.387642444347,326221,6967
2023-11-03,google_ads_brand,9788.078865812655,476849,9496
2023-11-04,google_ads_brand,8935.546905243029,459185,5545
2023-11-05,google_ads_brand,7980.523736537869,460433,11068
2023-11-06,google_ads_brand,6477.5347836926985,345261,6217
2023-11-07,google_ads_brand,13684.211641859958,684806,9646
2023-11-08,google_ads_brand,5179.931426924305,348808,10656
2023-11-09,google_ads_brand,5980.695798221766,299755,3035
2023-11-10,google_ads_brand,7846.185052944121,526400,6365
2023-11-11,google_ads_brand,9271.641137532128,530389,13729
2023-11-12,google_ads_brand,6122.390158825024,351845,8888
2023-11-13,google_ads_brand,10409.915813888592,740728,16645
2023-11-14,google_ads_brand,9462.072968189561,556284,9141
2023-11-15,google_ads_brand,6874.961602562897,357316,8365
2023-11-16,google_ads_brand,8920.314777489326,572432,11621
2023-11-17,google_ads_brand,12292.102317807536,649168,9171
2023-11-18,google_ads_brand,7636.534241174633,546990,15195
2023-11-19,google_ads_brand,11404.718278887456,642556,12071
2023-11-20,google_ads_brand,13911.856136243385,739422,21561
2023-11-21,google_ads_brand,6937.92108039502,319901,4255
2023-11-22,google_ads_brand,5912.399356497842,383120,7767
2023-11-23,google_ads_brand,8579.653278175683,530496,8790
2023-11-24,google_ads_brand,5944.484815091222,395416,13222
2023-11-25,google_ads_brand,4736.354706785525,354617,10473
2023-11-26,google_ads_brand,10854.880626811331,614436,19645
2023-11-27,google_ads_brand,6154.156902180618,310533,10826
2023-11-28,google_ads_brand,11835.819065872358,748031,8466
2023-11-29,google_ads_brand,8197.685572648528,392173,13713
2023-11-30,google_ads_brand,10524.220441999358,663069,15693
2023-12-01,google_ads_brand,9941.267837935768,499856,10545
2023-12-02,google_ads_brand,12946.431013521622,659891,13961
2023-12-03,google_ads_brand,8887.569165841744,446438,4693
2023-12-04,google_ads_brand,5687.545935658069,404485,6804
2023-12-05,google_ads_brand,8902.042629934442,471484,12487
2023-12-06,google_ads_brand,12957.730522221107,641040,7637
2023-12-07,google_ads_brand,19639.838549184067,1186594,29281
2023-12-08,google_ads_brand,8272.828609747383,470113,13429
2023-12-09,google_ads_brand,20534.618979887542,1013032,24100
2023-12-10,google_ads_brand,12463.514773367373,653323,11914
2023-12-11,google_ads_brand,12392.196343193846,639187,7781
2023-12-12,google_ads_brand,15455.902032749098,1139493,13702
2023-12-13,google_ads_brand,6622.49013485794,338293,9366
2023-12-14,google_ads_brand,12092.91619919198,593893,20179
2023-12-15,google_ads_brand,9037.311614389175,529934,13461
2023-12-16,google_ads_brand,11849.152532734992,862776,9535
2023-12-17,google_ads_brand,6965.641142882968,424754,13695
2023-12-18,google_ads_brand,3062.5680836170436,170569,3471
2023-12-19,google_ads_brand,11002.818746346346,501493,14792
2023-12-20,google_ads_brand,7657.080505485551,452427,9464
2023-12-21,google_ads_brand,15429.307111842467,982824,16292
2023-12-22,google_ads_brand,15432.439784563516,756518,7870
2023-12-23,google_ads_brand,11337.44753684473,596824,14259
2023-12-24,google_ads_brand,17698.268231300357,1325115,41403
2023-12-25,google_ads_brand,8787.133660880158,440183,14173
2023-12-26,google_ads_brand,11216.78360193502,592519,17546
2023-12-27,google_ads_brand,7558.621207727065,505621,9769
2023-12-28,google_ads_brand,9490.628440611985,579041,7418
2023-12-29,google_ads_brand,12904.953001124868,843348,9904
2023-12-30,google_ads_brand,14449.683505211267,929139,24029
2023-12-31,google_ads_brand,5927.1965825096395,331389,10131
2024-01-01,google_ads_brand,8249.96714764022,582272,13636
2024-01-02,google_ads_brand,9102.394745805666,659093,22277
2024-01-03,google_ads_brand,7963.845376390324,397226,9910
2024-01-04,google_ads_brand,7687.441880096488,556992,18496
2024-01-05,google_ads_brand,8691.67432405834,539772,8731
2024-01-06,google_ads_brand,10773.200563480497,772292,8374
2024-01-07,google_ads_brand,9167.74596252846,604198,16285
2024-01-08,google_ads_brand,10068.959332624983,697318,11362
2024-01-09,google_ads_brand,10314.402270057655,664891,11399
2024-01-10,google_ads_brand,7285.113202600903,353988,8904
2024-01-11,google_ads_brand,6834.441932244845,454304,15208
2024-01-12,google_ads_brand,2165.66628721845,107801,3529
2024-01-13,google_ads_brand,10637.724874339317,661314,9641
2024-01-14,google_ads_brand,5880.532100913845,401890,5896
2024-01-15,google_ads_brand,6527.341691630304,367941,12526
2024-01-16,google_ads_brand,9625.079953462991,471986,13042
2024-01-17,google_ads_brand,5719.49088921514,322541,9333
2024-01-18,google_ads_brand,3173.5627919075,152687,3778
2024-01-19,google_ads_brand,9170.488347668785,474610,6949
2024-01-20,google_ads_brand,4320.938776284076,283777,9591
2024-01-21,google_ads_brand,10165.9975498312,705869,11490
2024-01-22,google_ads_brand,7285.6202591371575,459934,10213
2024-01-23,google_ads_brand,4047.61834537199,236019,2376
2024-01-24,google_ads_brand,7509.434339033055,425289,13781
2024-01-25,google_ads_brand,3944.665323475357,266133,6611
2024-01-26,google_ads_brand,7568.237922848239,402563,13954
2024-01-27,google_ads_brand,4814.2923438275975,238695,7113
2024-01-28,google_ads_brand,7246.591466306602,444979,15002
2024-01-29,google_ads_brand,6315.169022750873,364385,4195
2024-01-30,google_ads_brand,6157.00588619394,384570,11344
2024-01-31,google_ads_brand,8997.903167748458,650330,22454
2024-02-01,google_ads_brand,7891.420576620882,431336,13043
2024-02-02,google_ads_brand,6654.017291937547,367580,7866
2024-02-03,google_ads_brand,6301.338096139154,378842,12225
2024-02-04,google_ads_brand,7586.8759586091455,409921,5398
2024-02-05,google_ads_brand,3637.7345789677693,176345,5344
2024-02-06,google_ads_brand,6359.99195073665,438629,9298
2024-02-07,google_ads_brand,8855.812498698571,457945,13791
2024-02-08,google_ads_brand,3741.4084955180983,184055,3662
2024-02-09,google_ads_brand,7326.48073710908,348561,4221
2024-02-10,google_ads_brand,6495.768987772349,422069,12475
2024-02-11,google_ads_brand,6815.582751197479,490142,11877
2024-02-12,google_ads_brand,8609.91563831836,601660,18534
2024-02-13,google_ads_brand,7848.271058563042,556932,14083
2024-02-14,google_ads_brand,5547.806003481929,374916,9836
2024-02-15,google_ads_brand,12817.302738099856,700260,7020
2024-02-16,google_ads_brand,8352.3382233538,610503,17615
2024-02-17,google_ads_brand,6187.179757194483,389033,6969
2024-02-18,google_ads_brand,7049.076580988532,417905,5223
2024-02-19,google_ads_brand,9151.361379621037,557664,10145
2024-02-20,google_ads_brand,9964.771203825776,734227,22147
2024-02-21,google_ads_brand,8267.720728203552,516656,17255
2024-02-22,google_ads_brand,6025.744101764131,421530,13259
2024-02-23,google_ads_brand,9594.952946243911,537483,17213
2024-02-24,google_ads_brand,5973.370333400814,437608,8048
2024-02-25,google_ads_brand,14376.589306940772,860786,15708
2024-02-26,google_ads_brand,14360.555697847109,1012139,21013
2024-02-27,google_ads_brand,4657.439017077438,255803,7739
2024-02-28,google_ads_brand,7388.849399053961,506733,8371
2024-02-29,google_ads_brand,10618.181365161472,651545,10208
2024-03-01,google_ads_brand,7608.577267533962,501521,6169
2024-03-02,google_ads_brand,10896.609327909444,643555,16225
2024-03-03,google_ads_brand,7298.197925416627,537843,10687
2024-03-04,google_ads_brand,5774.913405908879,295489,7457
2024-03-05,google_ads_brand,10136.948076649063,675466,15565
2024-03-06,google_ads_brand,9800.811975514922,451347,8627
2024-03-07,google_ads_brand,10798.9440938207,620389,18707
2024-03-08,google_ads_brand,9536.993554077584,490605,6697
2024-03-09,google_ads_brand,7705.172010368865,476167,13550
2024-03-10,google_ads_brand,7958.836883659989,537364,16402
2024-03-11,google_ads_brand,9433.513197989336,660583,13099
2024-03-12,google_ads_brand,10017.425922193292,613897,16566
2024-03-13,google_ads_brand,6937.941404815254,493141,6938
2024-03-14,google_ads_brand,8623.812875190237,521149,7492
2024-03-15,google_ads_brand,12442.50357773091,691329,21235
2024-03-16,google_ads_brand,9542.558801208277,477607,5173
2024-03-17,google_ads_brand,10918.614220872689,697155,12897
2024-03-18,google_ads_brand,6816.052183317617,359388,11321
2024-03-19,google_ads_brand,10434.312786117927,699162,22433
2024-03-20,google_ads_brand,11500.933522073821,836405,24232
2024-03-21,google_ads_brand,11686.369569963339,617242,14119
2024-03-22,google_ads_brand,12438.838595688274,839914,16076
2024-03-23,google_ads_brand,3999.0936016052074,274014,4219
2024-03-24,google_ads_brand,5422.059741233807,393530,13617
2024-03-25,google_ads_brand,9384.318392480609,553692,11179
2024-03-26,google_ads_brand,15277.982917104693,823190,16190
2024-03-27,google_ads_brand,7046.8701739605285,323215,11221
2024-03-28,google_ads_brand,6524.764084217764,473087,16029
2024-03-29,google_ads_brand,10227.272694837115,546730,6736
2024-03-30,google_ads_brand,11563.611607569324,658961,12812
2024-03-31,google_ads_brand,7796.360129829957,536850,14708
2024-04-01,google_ads_brand,7416.698204897912,395789,10737
2024-04-02,google_ads_brand,7965.065910985764,497593,4985
2024-04-03,google_ads_brand,10944.34305732319,704499,12549
2024-04-04,google_ads_brand,5656.763113065758,294476,5125
2024-04-05,google_ads_brand,3608.136781809271,232734,3108
2024-04-06,google_ads_brand,4994.633430044927,365574,4377
2024-04-07,google_ads_brand,5371.439501873177,295594,10329
2024-04-08,google_ads_brand,5488.331852897782,279341,6195
2024-04-09,google_ads_brand,9254.246015187297,617167,13324
2024-04-10,google_ads_brand,6934.046108431989,455426,11256
2024-04-11,google_ads_brand,9071.019233900774,440768,8912
2024-04-12,google_ads_brand,7084.67401586732,476298,5782
2024-04-13,google_ads_brand,6738.575255929948,429007,9249
2024-04-14,google_ads_brand,6803.587517784895,370362,8728
2024-04-15,google_ads_brand,4502.803796500824,327007,9192
2024-04-16,google_ads_brand,5537.815593379851,284374,4266
2024-04-17,google_ads_brand,5668.775533534174,330722,10583
2024-04-18,google_ads_brand,2446.649935085322,170072,5007
2024-04-19,google_ads_brand,9377.835523514303,608414,8699
2024-04-20,google_ads_brand,3583.2828243786066,236801,6040
2024-04-21,google_ads_brand,5753.106793606915,393444,5521
2024-04-22,google_ads_brand,3860.9648869470207,183996,5467
2024-04-23,google_ads_brand,5727.452341150524,270544,4192
2024-04-24,google_ads_brand,5577.385069330742,379563,5649
2024-04-25,google_ads_brand,6405.931003375552,320683,6691
2024-04-26,google_ads_brand,2360.783503107294,163977,5022
2024-04-27,google_ads_brand,3983.9100370721726,240362,8344
2024-04-28,google_ads_brand,9848.783159016695,645883,8553
2024-04-29,google_ads_brand,5488.498741478815,331277,11157
2024-04-30,google_ads_brand,6358.824920645427,343314,4016
2024-05-01,google_ads_brand,6515.7581319746205,296318,7444
2024-05-02,google_ads_brand,12245.231938654531,565128,6328
2024-05-03,google_ads_brand,7639.778445344022,451013,15078
2024-05-04,google_ads_brand,8425.765589019975,465934,11741
2024-05-05,google_ads_brand,9298.01223288261,538660,10854
2024-05-06,google_ads_brand,8918.082377663686,481094,7129
2024-05-07,google_ads_brand,7970.307038708826,471194,8148
2024-05-08,google_ads_brand,7126.918373790918,454531,6801
2024-05-09,google_ads_brand,8924.703999997751,498865,13813
2024-05-10,google_ads_brand,7169.895130403399,384212,8774
2024-05-11,google_ads_brand,8255.25304451894,539171,17209
2024-05-12,google_ads_brand,6221.31003491649,320050,7450
2024-05-13,google_ads_brand,7480.926659802524,470887,7081
2024-05-14,google_ads_brand,9061.522395741784,518779,14044
2024-05-15,google_ads_brand,6263.557018001279,407398,6307
2024-05-16,google_ads_brand,6167.0124921597735,375058,8194
2024-05-17,google_ads_brand,6803.972250377466,430237,5328
2024-05-18,google_ads_brand,6467.8079118737,385464,11731
2024-05-19,google_ads_brand,5164.171272043474,374068,8332
2024-05-20,google_ads_brand,10772.374316788575,684557,10036
2024-05-21,google_ads_brand,4260.5387705526955,310664,5847
2024-05-22,google_ads_brand,3579.1484325679703,249911,8663
2024-05-23,google_ads_brand,5914.507712852836,345658,10249
2024-05-24,google_ads_brand,2842.849909989153,157869,4970
2024-05-25,google_ads_brand,9829.022609800035,565169,16434
2024-05-26,google_ads_brand,9335.43824744873,600495,16705
2024-05-27,google_ads_brand,4853.759342885675,319119,4562
2024-05-28,google_ads_brand,6231.558341105929,301246,5489
2024-05-29,google_ads_brand,7232.75233860617,387098,4597
2024-05-30,google_ads_brand,4687.919753239327,342654,9266
2024-05-31,google_ads_brand,5840.214801962137,365489,5318
2024-06-01,google_ads_brand,6025.291654755657,327541,10606
2024-06-02,google_ads_brand,6305.013767445105,386490,9476
2024-06-03,google_ads_brand,10180.04289526117,598235,13261
2024-06-04,google_ads_brand,11652.864305387955,667099,13102
2024-06-05,google_ads_brand,5257.253126072493,316231,5914
2024-06-06,google_ads_brand,12946.759566274613,920696,26850
2024-06-07,google_ads_brand,4526.2573355583745,316262,6530
2024-06-08,google_ads_brand,5127.114803288283,252453,4513
2024-06-09,google_ads_brand,10350.227968157102,694461,11913
2024-06-10,google_ads_brand,15722.672143914871,802808,8259
2024-06-11,google_ads_brand,14736.629313233218,719547,13610
2024-06-12,google_ads_brand,10499.718092348125,675660,19805
2024-06-13,google_ads_brand,11107.642598016551,774454,16303
2024-06-14,google_ads_brand,11105.23137383679,669058,20867
2024-06-15,google_ads_brand,8069.653097020272,561467,14142
2024-06-16,google_ads_brand,9456.743381630165,554593,14460
2024-06-17,google_ads_brand,4551.355427967032,243627,3068
2024-06-18,google_ads_brand,11539.756817442849,794557,22704
2024-06-19,google_ads_brand,10211.59594469472,463082,13416
2024-06-20,google_ads_brand,10954.288983087305,564118,14757
2024-06-21,google_ads_brand,11835.785636573042,747828,24428
2024-06-22,google_ads_brand,9734.546668838131,622636,15146
2024-06-23,google_ads_brand,8303.450521396915,514075,14741
2024-06-24,google_ads_brand,4318.156658165288,272000,6569
2024-06-25,google_ads_brand,10382.647680778693,622926,17351
2024-06-26,google_ads_brand,7255.687316432444,400218,6727
2024-06-27,google_ads_brand,3832.9048647501354,205581,6336
2024-06-28,google_ads_brand,8829.45670121219,544210,6018
2024-06-29,google_ads_brand,10862.16409654388,777444,18579
2024-06-30,google_ads_brand,12621.882682117373,608728,16488
2024-07-01,google_ads_brand,8382.720332213092,486709,5480
2024-07-02,google_ads_brand,9427.276093341956,520371,6105
2024-07-03,google_ads_brand,10413.652560965673,533922,14790
2024-07-04,google_ads_brand,4975.08246718765,318428,5071
2024-07-05,google_ads_brand,8249.244796500125,437418,9230
2024-07-06,google_ads_brand,5712.755594342538,349697,10218
2024-07-07,google_ads_brand,13723.508155448964,843939,11398
2024-07-08,google_ads_brand,5028.927476563332,339576,11168
2024-07-09,google_ads_brand,5422.868459022568,256603,4348
2024-07-10,google_ads_brand,9346.69836993291,563502,15146
2024-07-11,google_ads_brand,4146.267224762735,255501,6740
2024-07-12,google_ads_brand,6502.405433557333,345772,7575
2024-07-13,google_ads_brand,6952.43007674432,480045,11396
2024-07-14,google_ads_brand,6010.102959416796,274910,4207
2024-07-15,google_ads_brand,2410.915445008825,148675,2184
2024-07-16,google_ads_brand,10462.146685307935,698427,19044
2024-07-17,google_ads_brand,6010.080909073544,315857,6305
2024-07-18,google_ads_brand,7175.179480666636,479122,13445
2024-07-19,google_ads_brand,5915.466280570485,290697,3339
2024-07-20,google_ads_brand,7033.886988438294,506260,16491
2024-07-21,google_ads_brand,8870.274210934278,620029,17061
2024-07-22,google_ads_brand,5550.870141358954,290681,9553
2024-07-23,google_ads_brand,11950.367314768911,568131,6128
2024-07-24,google_ads_brand,10343.551855812279,497829,7589
2024-07-25,google_ads_brand,4964.275916056452,262314,8649
2024-07-26,google_ads_brand,6312.77809211399,458939,6043
2024-07-27,google_ads_brand,4708.602281307149,315927,7464
2024-07-28,google_ads_brand,4299.254398582257,273841,4065
2024-07-29,google_ads_brand,3131.119883037908,145694,2436
2024-07-30,google_ads_brand,10114.940663413518,750458,24842
2024-07-31,google_ads_brand,8130.171491956726,598600,11746
2024-08-01,google_ads_brand,9008.734073376847,624851,17237
2024-08-02,google_ads_brand,6735.411895184976,495352,15288
2024-08-03,google_ads_brand,3608.927509330948,204852,3578
2024-08-04,google_ads_brand,5817.804483699082,356007,8808
2024-08-05,google_ads_brand,5449.124725246267,354652,5258
2024-08-06,google_ads_brand,7044.710950953766,434082,12599
2024-08-07,google_ads_brand,13435.28729509582,812384,22292
2024-08-08,google_ads_brand,4526.102323848852,277504,4632
2024-08-09,google_ads_brand,3463.5946305123284,247410,6140
2024-08-10,google_ads_brand,8613.712924705922,556253,8099
2024-08-11,google_ads_brand,11375.477149637056,795798,13992
2024-08-12,google_ads_brand,11298.238525661842,607668,9210
2024-08-13,google_ads_brand,6715.519988920577,380595,5177
2024-08-14,google_ads_brand,9529.98201213002,536351,12595
2024-08-15,google_ads_brand,9319.306406539334,509704,16174
2024-08-16,google_ads_brand,8443.159059326048,418402,9993
2024-08-17,google_ads_brand,4271.782168917027,214868,5290
2024-08-18,google_ads_brand,4747.791838505161,305216,8879
2024-08-19,google_ads_brand,9496.268724872836,596114,16412
2024-08-20,google_ads_brand,9472.471709668913,553724,7272
2024-08-21,google_ads_brand,12501.220503857388,670008,14457
2024-08-22,google_ads_brand,6527.443625567379,329324,8951
2024-08-23,google_ads_brand,8518.534110928102,513629,12160
2024-08-24,google_ads_brand,7206.674843653672,383218,7589
2024-08-25,google_ads_brand,6921.6564814517,488946,16893
2024-08-26,google_ads_brand,9951.114010555353,602487,14497
2024-08-27,google_ads_brand,8484.39067092942,523576,7072
2024-08-28,google_ads_brand,7552.787437476052,387987,8768
2024-08-29,google_ads_brand,4793.375501671593,257724,6828
2024-08-30,google_ads_brand,8801.845557597222,573340,14904
2024-08-31,google_ads_brand,10431.474254934721,770376,19367
2024-09-01,google_ads_brand,5956.542566835647,282505,8335
2024-09-02,google_ads_brand,4881.432873697774,340449,11507
2024-09-03,google_ads_brand,10775.283374005128,711756,14177
2024-09-04,google_ads_brand,17783.077148369386,895572,22391
2024-09-05,google_ads_brand,7184.247601432728,411032,4208
2024-09-06,google_ads_brand,14747.50702924151,723520,21849
2024-09-07,google_ads_brand,3804.0362362435385,181085,3625
2024-09-08,google_ads_brand,10233.45573700992,595256,10692
2024-09-09,google_ads_brand,7454.1210890332095,500894,9791
2024-09-10,google_ads_brand,7008.666767388638,456083,5781
2024-09-11,google_ads_brand,22142.495499038967,1047136,23510
2024-09-12,google_ads_brand,5081.323217881799,311426,6811
2024-09-13,google_ads_brand,12573.487747329922,795021,9243
2024-09-14,google_ads_brand,10421.338797545484,521329,11422
2024-09-15,google_ads_brand,10872.24688178198,712943,18362
2024-09-16,google_ads_brand,10628.232587074344,752520,19935
2024-09-17,google_ads_brand,9455.457598271196,626161,19131
2024-09-18,google_ads_brand,12059.156417017317,776987,15853
2024-09-19,google_ads_brand,7671.342203222047,394972,9124
2024-09-20,google_ads_brand,5953.525192826424,392391,9432
2024-09-21,google_ads_brand,8008.31420005551,373719,8395
2024-09-22,google_ads_brand,4222.031801533157,285884,8134
2024-09-23,google_ads_brand,4453.7293553346335,245133,3923
2024-09-24,google_ads_brand,4783.491727878697,339861,4445
2024-09-25,google_ads_brand,5279.8674296215295,283987,7710
2024-09-26,google_ads_brand,5112.573878464041,306692,7040
2024-09-27,google_ads_brand,17645.409695285944,1140520,12406
2024-09-28,google_ads_brand,8696.929100532494,520298,9044
2024-09-29,google_ads_brand,9998.098812882658,470098,12830
2024-09-30,google_ads_brand,5215.00839814394,303227,6294
2024-10-01,google_ads_brand,13640.301830036864,643984,14056
2024-10-02,google_ads_brand,13507.56950407166,935068,29426
2024-10-03,google_ads_brand,4944.308075118433,311091,7246
2024-10-04,google_ads_brand,14359.896980008525,1063813,29450
2024-10-05,google_ads_brand,11400.709168395539,743445,22423
2024-10-06,google_ads_brand,3476.016044225031,222747,4198
2024-10-07,google_ads_brand,6769.8245221224715,468042,5325
2024-10-08,google_ads_brand,6866.576399131589,514647,15033
2024-10-09,google_ads_brand,4902.9094548084895,353019,6005
2024-10-10,google_ads_brand,5696.631953732659,311706,6055
2024-10-11,google_ads_brand,12503.940131272147,912935,29255
2024-10-12,google_ads_brand,11172.734211864614,589015,16462
2024-10-13,google_ads_brand,4399.573327068036,250757,4040
2024-10-14,google_ads_brand,4170.151676201759,254510,4703
2024-10-15,google_ads_brand,5565.360901516025,258293,7678
2024-10-16,google_ads_brand,14681.24634304206,1065902,16746
2024-10-17,google_ads_brand,10246.157545361199,518814,13448
2024-10-18,google_ads_brand,7039.652955165564,372167,7428
2024-10-19,google_ads_brand,5562.584660203168,282287,6674
2024-10-20,google_ads_brand,11670.235918510221,845862,29507
2024-10-21,google_ads_brand,2397.2857695231946,133669,4383
2024-10-22,google_ads_brand,8665.258608480699,396469,12633
2024-10-23,google_ads_brand,6878.685755920346,473713,6788
2024-10-24,google_ads_brand,6314.746454223797,396006,4384
2024-10-25,google_ads_brand,6283.866994036537,411750,10297
2024-10-26,google_ads_brand,7507.135814207424,461460,6638
2024-10-27,google_ads_brand,6559.640603608002,437550,11371
2024-10-28,google_ads_brand,4122.821840277466,228529,2911
2024-10-29,google_ads_brand,11359.314532560116,621513,9078
2024-10-30,google_ads_brand,11292.231964030712,637380,9414
2024-10-31,google_ads_brand,8929.523139737365,436150,6261
2024-11-01,google_ads_brand,8978.49040531078,407166,5627
2024-11-02,google_ads_brand,8891.597729204761,609581,6442
2024-11-03,google_ads_brand,2990.5903888788057,221551,7705
2024-11-04,google_ads_brand,10963.262029278269,708552,18526
2024-11-05,google_ads_brand,8919.937472792803,467272,14719
2024-11-06,google_ads_brand,3027.579919801397,223478,3786
2024-11-07,google_ads_brand,15891.120936895046,958943,15251
2024-11-08,google_ads_brand,5609.13709769438,276904,3431
2024-11-09,google_ads_brand,8586.86942163748,441658,12709
2024-11-10,google_ads_brand,4624.523121900628,325335,6734
2024-11-11,google_ads_brand,11935.328190538348,820631,18974
2024-11-12,google_ads_brand,7599.737810832763,514019,8364
2024-11-13,google_ads_brand,11884.325942191608,720356,14793
2024-11-14,google_ads_brand,4199.922585668952,191961,6653
2024-11-15,google_ads_brand,9674.460905867396,531654,17754
2024-11-16,google_ads_brand,6118.992272689979,333320,9214
2024-11-17,google_ads_brand,10351.302292210956,615838,14162
2024-11-18,google_ads_brand,8094.15774371994,415204,7184
2024-11-19,google_ads_brand,7451.12878385909,352061,4341
2024-11-20,google_ads_brand,13549.639275452178,972401,27272
2024-11-21,google_ads_brand,10101.612740916567,632896,21576
2024-11-22,google_ads_brand,16660.043293006904,984222,20262
2024-11-23,google_ads_brand,8758.20458808535,626340,9391
2024-11-24,google_ads_brand,9856.03357495997,503983,6749
2024-11-25,google_ads_brand,11042.89518970827,760039,26061
2024-11-26,google_ads_brand,8497.092739952783,386232,12929
2024-11-27,google_ads_brand,9759.3238530838,572684,18176
2024-11-28,google_ads_brand,11397.096965939316,843206,27358
2024-11-29,google_ads_brand,9160.133559551516,661316,7867
2024-11-30,google_ads_brand,8692.453767397456,594011,17267
2024-12-01,google_ads_brand,7545.443924366866,440751,4438
2024-12-02,google_ads_brand,5545.235094582745,312089,10806
2024-12-03,google_ads_brand,7547.5555903055565,507059,16620
2024-12-04,google_ads_brand,12106.709553338069,829340,17094
2024-12-05,google_ads_brand,10729.330228015895,682467,20954
2024-12-06,google_ads_brand,7791.116068143576,356851,7764
2024-12-07,google_ads_brand,10212.903246865213,479996,12502
2024-12-08,google_ads_brand,11523.100218748938,710438,15562
2024-12-09,google_ads_brand,6725.35797571264,398498,11288
2024-12-10,google_ads_brand,5563.0361036416625,348223,4648
2024-12-11,google_ads_brand,13057.776097450784,851300,21192
2024-12-12,google_ads_brand,9851.58617814755,479096,10032
2024-12-13,google_ads_brand,6619.622483771291,457570,7944
2024-12-14,google_ads_brand,20117.44876729501,1317231,25262
2024-12-15,google_ads_brand,8115.092393981074,446397,13089
2024-12-16,google_ads_brand,19955.052098695156,1077668,13475
2024-12-17,google_ads_brand,10356.312814469693,558176,14670
2024-12-18,google_ads_brand,12942.508370411413,720872,7605
2024-12-19,google_ads_brand,8524.070742881593,466323,15760
2024-12-20,google_ads_brand,5932.382396511696,346114,11679
2024-12-21,google_ads_brand,7988.384207841011,483941,12189
2024-12-22,google_ads_brand,9545.48936918943,684655,23044
2024-12-23,google_ads_brand,7027.577946510768,524493,6281
2024-12-24,google_ads_brand,5783.4536663131885,415301,6045
2024-12-25,google_ads_brand,8554.720200741644,491436,16709
2024-12-26,google_ads_brand,8237.442273054066,451706,13035
2024-12-27,google_ads_brand,11462.394658088338,661236,15488
2024-12-28,google_ads_brand,10353.334381757082,697184,13970
2024-12-29,google_ads_brand,8143.766873534918,486688,15625
2024-12-30,google_ads_brand,3324.4269476200884,197538,6428
2024-12-31,google_ads_brand,10821.14591072898,773459,25895
2025-01-01,google_ads_brand,5096.530232109686,356188,7786
2025-01-02,google_ads_brand,10264.950132767728,553052,16124
2025-01-03,google_ads_brand,13122.801246605297,739853,10582
2025-01-04,google_ads_brand,11825.610046013351,698599,20668
2025-01-05,google_ads_brand,15549.31548415488,1141278,17566
2025-01-06,google_ads_brand,5249.173534864181,366423,12665
2025-01-07,google_ads_brand,13747.214404855486,624938,19553
2025-01-08,google_ads_brand,6281.497139765457,456863,9947
2025-01-09,google_ads_brand,4697.778828452254,252580,3185
2025-01-10,google_ads_brand,8202.361520645236,573190,16252
2025-01-11,google_ads_brand,6636.102983720802,446516,12210
2025-01-12,google_ads_brand,5239.791587696576,383057,8910
2025-01-13,google_ads_brand,14893.726534663248,954029,32368
2025-01-14,google_ads_brand,8309.236227656987,510199,8814
2025-01-15,google_ads_brand,7028.522831334199,524980,5428
2025-01-16,google_ads_brand,7864.414012123033,570257,18632
2025-01-17,google_ads_brand,4637.060367986163,302559,4642
2025-01-18,google_ads_brand,9045.365914602971,413524,6780
2025-01-19,google_ads_brand,5493.004111633388,332126,5565
2025-01-20,google_ads_brand,3406.114681422834,163129,3731
2025-01-21,google_ads_brand,6345.714365757096,312595,8711
2025-01-22,google_ads_brand,1844.9365953799534,104037,2123
2025-01-23,google_ads_brand,4402.593751863503,208922,4024
2025-01-24,google_ads_brand,4556.204073180119,305063,7489
2025-01-25,google_ads_brand,6890.9702429472545,489374,16451
2025-01-26,google_ads_brand,4473.87628944924,208163,4400
2025-01-27,google_ads_brand,6558.037651675287,387671,11062
2025-01-28,google_ads_brand,6173.02247798034,453227,9134
2025-01-29,google_ads_brand,8972.434522787087,568825,11257
2025-01-30,google_ads_brand,4714.26187434888,300840,5728
2025-01-31,google_ads_brand,6759.164181834875,339347,6622
2025-02-01,google_ads_brand,4780.469160089968,352036,4420
2025-02-02,google_ads_brand,4036.700131283567,234290,7468
2025-02-03,google_ads_brand,6568.3739702377825,426722,12820
2025-02-04,google_ads_brand,5891.669724221547,307768,6792
2025-02-05,google_ads_brand,7445.669361310742,341672,5178
2025-02-06,google_ads_brand,4588.635119428692,279201,5898
2025-02-07,google_ads_brand,4968.974053738718,370240,5185
2025-02-08,google_ads_brand,2600.283532292725,171888,4902
2025-02-09,google_ads_brand,5742.124238769793,425937,6656
2025-02-10,google_ads_brand,10932.462562359917,685228,22665
2025-02-11,google_ads_brand,3899.7372418537234,212419,2337
2025-02-12,google_ads_brand,6058.869037888213,437722,14764
2025-02-13,google_ads_brand,8814.928989610096,508175,10106
2025-02-14,google_ads_brand,8495.577902993344,496603,11094
2025-02-15,google_ads_brand,3376.64518439612,223725,4223
2025-02-16,google_ads_brand,5136.8790808985805,368548,5213
2025-02-17,google_ads_brand,11311.883162032675,721374,18281
2025-02-18,google_ads_brand,7169.112725950195,382216,4767
2025-02-19,google_ads_brand,9926.893004548285,592062,12381
2025-02-20,google_ads_brand,3450.6702016309196,237656,7465
2025-02-21,google_ads_brand,7157.695800955364,506741,11036
2025-02-22,google_ads_brand,4070.4400451922547,291480,8823
2025-02-23,google_ads_brand,14823.285059690306,794944,16983
2025-02-24,google_ads_brand,10109.855229972161,669923,20141
2025-02-25,google_ads_brand,6292.875614619487,402470,13723
2025-02-26,google_ads_brand,5265.798820003817,383072,7468
2025-02-27,google_ads_brand,6272.397609743386,400866,9802
2025-02-28,google_ads_brand,7464.853425084902,442997,14871
2025-03-01,google_ads_brand,12811.0026024544,828834,26658
2025-03-02,google_ads_brand,11064.19669812185,636294,13817
2025-03-03,google_ads_brand,6099.107486392435,372590,12849
2025-03-04,google_ads_brand,9714.251873680369,533563,14445
2025-03-05,google_ads_brand,10708.19660011036,521599,7888
2025-03-06,google_ads_brand,5233.327785606019,366302,4432
2025-03-07,google_ads_brand,8184.106675426466,466590,6758
2025-03-08,google_ads_brand,12345.892049032394,910120,13156
2025-03-09,google_ads_brand,9641.397529751963,646365,18554
2025-03-10,google_ads_brand,6967.951811415365,508445,15020
2025-03-11,google_ads_brand,5624.79832337334,360800,8430
2025-03-12,google_ads_brand,7702.9250677642685,517825,7698
2025-03-13,google_ads_brand,12896.030165261429,834700,24380
2025-03-14,google_ads_brand,9415.176852038569,656382,9502
2025-03-15,google_ads_brand,12957.454722650284,861244,27948
2025-03-16,google_ads_brand,8366.553057496732,402753,12862
2025-03-17,google_ads_brand,11286.41637281059,811441,26971
2025-03-18,google_ads_brand,10130.75461740358,608539,9712
2025-03-19,google_ads_brand,5057.1873463089405,322968,4179
2025-03-20,google_ads_brand,9088.595115152095,495811,6990
2025-03-21,google_ads_brand,16116.36846775825,1028184,21718
2025-03-22,google_ads_brand,6727.586326465806,332512,6265
2025-03-23,google_ads_brand,7219.141754100746,410233,7308
2025-03-24,google_ads_brand,11305.712641577178,840433,15840
2025-03-25,google_ads_brand,6502.6335247995685,317795,4846
2025-03-26,google_ads_brand,7822.243802123851,429186,5291
2025-03-27,google_ads_brand,3678.348284626928,178520,2592
2025-03-28,google_ads_brand,7604.226164367388,425869,7171
2025-03-29,google_ads_brand,9451.786674559025,451038,5815
2025-03-30,google_ads_brand,8819.678907946058,475903,13978
2025-03-31,google_ads_brand,14677.668984249498,953540,9616
2025-04-01,google_ads_brand,9789.816215616851,591668,8243
2025-04-02,google_ads_brand,12260.7214859797,623718,8991
2025-04-03,google_ads_brand,5469.089291466245,326979,3842
2025-04-04,google_ads_brand,3217.4650063680656,212797,5673
2025-04-05,google_ads_brand,9788.887486182693,638523,7880
2025-04-06,google_ads_brand,7252.091530136947,363024,9958
2025-04-07,google_ads_brand,10792.716730055612,635311,21137
2025-04-08,google_ads_brand,5974.07343724092,312031,9480
2025-04-09,google_ads_brand,11003.534280350405,735856,16030
2025-04-10,google_ads_brand,5857.89699379859,365323,8014
2025-04-11,google_ads_brand,2441.7375716294187,164501,4395
2025-04-12,google_ads_brand,13261.938288260973,638971,19982
2025-04-13,google_ads_brand,8531.362698664087,512935,5999
2025-04-14,google_ads_brand,10449.383169895347,528925,12048
2025-04-15,google_ads_brand,4893.446194485553,238062,7086
2025-04-16,google_ads_brand,9283.456383356408,418168,14404
2025-04-17,google_ads_brand,6917.364492685262,346593,5443
2025-04-18,google_ads_brand,7682.65127383672,388028,4589
2025-04-19,google_ads_brand,6834.611644564559,350340,9010
2025-04-20,google_ads_brand,6252.386841176146,327678,9840
2025-04-21,google_ads_brand,5989.623313487409,307513,7774
2025-04-22,google_ads_brand,9594.615125639773,444854,13159
2025-04-23,google_ads_brand,8188.2603257413475,613716,16675
2025-04-24,google_ads_brand,9194.842115552248,647127,7002
2025-04-25,google_ads_brand,5755.94138788948,288834,6398
2025-04-26,google_ads_brand,3283.787091178212,166520,4671
2025-04-27,google_ads_brand,9093.50064051152,485293,5404
2025-04-28,google_ads_brand,4054.0073910844126,183855,3703
2025-04-29,google_ads_brand,7734.038850528107,419914,12218
2025-04-30,google_ads_brand,6473.130740570668,377802,11518
2025-05-01,google_ads_brand,7186.29332564226,331774,11352
2025-05-02,google_ads_brand,11416.261792225698,785646,10918
2025-05-03,google_ads_brand,4776.281964962967,265601,5053
2025-05-04,google_ads_brand,7393.475934985892,491098,6275
2025-05-05,google_ads_brand,7560.876124592481,422076,6919
2025-05-06,google_ads_brand,9329.042168856047,592581,6271
2025-05-07,google_ads_brand,6906.953655182496,347827,11586
2025-05-08,google_ads_brand,11465.135293157078,638011,16496
2025-05-09,google_ads_brand,9755.621419570754,726519,9483
2025-05-10,google_ads_brand,9143.652784313763,447132,12142
2025-05-11,google_ads_brand,7834.46855432737,353498,6169
2025-05-12,google_ads_brand,9509.742315469686,688486,15654
2025-05-13,google_ads_brand,8596.149968301126,634795,15857
2025-05-14,google_ads_brand,4569.932897489811,207234,5895
2025-05-15,google_ads_brand,4237.760930272589,227566,5601
2025-05-16,google_ads_brand,6636.230609426484,473214,8677
2025-05-17,google_ads_brand,7686.351075289898,481833,6489
2025-05-18,google_ads_brand,10283.3022037504,599094,10719
2025-05-19,google_ads_brand,12902.719530028788,704166,12835
2025-05-20,google_ads_brand,7202.990769304145,530177,7901
2025-05-21,google_ads_brand,5052.076253738094,331168,5071
2025-05-22,google_ads_brand,5374.115709957566,391179,9392
2025-05-23,google_ads_brand,9737.202172669913,568638,19429
2025-05-24,google_ads_brand,5731.327863478633,400148,12318
2025-05-25,google_ads_brand,8303.677700822864,573299,6959
2025-05-26,google_ads_brand,7980.702130122442,424488,12963
2025-05-27,google_ads_brand,8581.809646554952,453311,8428
2025-05-28,google_ads_brand,7375.741375817233,512064,13377
2025-05-29,google_ads_brand,4319.356364393354,205099,6886
2025-05-30,google_ads_brand,6663.783509995363,425227,6487
2025-05-31,google_ads_brand,8421.919095899284,455621,14693
2025-06-01,google_ads_brand,12204.70787721738,575628,7948
2025-06-02,google_ads_brand,10348.943211900025,646177,7049
2025-06-03,google_ads_brand,7140.533175642971,344219,7137
2025-06-04,google_ads_brand,11995.505708845,731321,9280
2025-06-05,google_ads_brand,4674.216971964409,236201,4356
2025-06-06,google_ads_brand,5650.229542243869,339224,3712
2025-06-07,google_ads_brand,14261.299863138462,762238,14756
2025-06-08,google_ads_brand,2792.8015262652602,203410,6468
2025-06-09,google_ads_brand,5150.209110757321,380235,12235
2025-06-10,google_ads_brand,11265.651637953088,781846,15376
2025-06-11,google_ads_brand,4699.156811664028,285525,6558
2025-06-12,google_ads_brand,7554.812423844418,537308,7668
2025-06-13,google_ads_brand,6685.228708920105,402664,6237
2025-06-14,google_ads_brand,14571.651388156497,975988,21501
2025-06-15,google_ads_brand,6949.809918704545,420650,9744
2025-06-16,google_ads_brand,15875.8024476285,1069361,25200
2025-06-17,google_ads_brand,4558.958974874718,249885,6762
2025-06-18,google_ads_brand,7439.2121684330805,359404,4855
2025-06-19,google_ads_brand,5511.1899831298,320112,6902
2025-06-20,google_ads_brand,7057.68696094634,375110,4729
2025-06-21,google_ads_brand,8988.906764373294,423746,4853
2025-06-22,google_ads_brand,9095.092700614267,508697,17596
2025-06-23,google_ads_brand,8409.854622061912,503861,17359
2025-06-24,google_ads_brand,7447.779841164991,366328,11492
2025-06-25,google_ads_brand,13651.60367857316,640752,19614
2025-06-26,google_ads_brand,4928.2673007902,221780,3370
2025-06-27,google_ads_brand,8874.322573642065,612883,21323
2025-06-28,google_ads_brand,8745.281281950047,534799,18396
2025-06-29,google_ads_brand,9223.590701817626,537144,13417
2025-06-30,google_ads_brand,15157.658935871088,717472,18231
2025-07-01,google_ads_brand,14475.566090207178,819520,16522
2025-07-02,google_ads_brand,5630.240307301888,338422,11650
2025-07-03,google_ads_brand,4462.447268281247,205907,2275
2025-07-04,google_ads_brand,5881.026127492977,296358,7208
2025-07-05,google_ads_brand,4571.722301477941,263745,3400
2025-07-06,google_ads_brand,9855.468969367676,662838,22590
2025-07-07,google_ads_brand,8785.884255118855,603092,10579
2025-07-08,google_ads_brand,6666.4931454476,390981,10290
2025-07-09,google_ads_brand,6288.373228981883,370603,11923
2025-07-10,google_ads_brand,7257.828558559417,369038,7959
2025-07-11,google_ads_brand,17047.9804152511,1166455,18756
2025-07-12,google_ads_brand,2516.1642566145215,179999,4609
2025-07-13,google_ads_brand,5325.6261400266285,318443,10843
2025-07-14,google_ads_brand,3614.8526116094426,229962,6744
2025-07-15,google_ads_brand,10076.365980388184,655890,14960
2025-07-16,google_ads_brand,3876.6091008513035,192753,6724
2025-07-17,google_ads_brand,3727.0950387579,272511,8591
2025-07-18,google_ads_brand,5520.252821584749,398145,10169
2025-07-19,google_ads_brand,7159.01356361266,475899,14984
2025-07-20,google_ads_brand,10860.380883195763,610796,8133
2025-07-21,google_ads_brand,7971.930999440609,468033,11050
2025-07-22,google_ads_brand,10852.777174981407,681722,12551
2025-07-23,google_ads_brand,6269.171199200473,294177,10214
2025-07-24,google_ads_brand,7487.104321104216,556176,12620
2025-07-25,google_ads_brand,4411.897241372297,310631,6103
2025-07-26,google_ads_brand,4946.947950441392,304766,10269
2025-07-27,google_ads_brand,11394.471113459602,716563,11902
2025-07-28,google_ads_brand,10301.09025821338,706311,11937
2025-07-29,google_ads_brand,6768.334834390085,416936,13980
2025-07-30,google_ads_brand,5040.671855531112,375074,7428
2025-07-31,google_ads_brand,4422.826591403945,215784,7479
2025-08-01,google_ads_brand,5591.006349700881,256216,2780
2025-08-02,google_ads_brand,7580.713954542756,520667,13270
2025-08-03,google_ads_brand,12208.306156217834,902280,17754
2025-08-04,google_ads_brand,5342.78768270897,249243,4906
2025-08-05,google_ads_brand,8655.911884847825,456576,11434
2025-08-06,google_ads_brand,7249.960476915633,363360,6647
2025-08-07,google_ads_brand,8698.543212919254,496136,14261
2025-08-08,google_ads_brand,8723.364602730808,605516,14563
2025-08-09,google_ads_brand,4829.924663134351,259459,6980
2025-08-10,google_ads_brand,4229.567476743163,287468,3867
2025-08-11,google_ads_brand,6117.525645601938,415162,10104
2025-08-12,google_ads_brand,7087.6981069994345,523308,8426
2025-08-13,google_ads_brand,6577.102439598078,429646,12292
2025-08-14,google_ads_brand,5929.069533696376,331339,3339
2025-08-15,google_ads_brand,8774.532074245752,606349,11695
2025-08-16,google_ads_brand,5242.578777266153,305848,9506
2025-08-17,google_ads_brand,8113.123422592274,365265,11890
2025-08-18,google_ads_brand,11442.981448117609,785211,25516
2025-08-19,google_ads_brand,6582.98374758813,439493,8446
2025-08-20,google_ads_brand,9365.600889955815,641047,14062
2025-08-21,google_ads_brand,6970.438251826165,511853,6178
2025-08-22,google_ads_brand,9377.853326098273,583313,17236
2025-08-23,google_ads_brand,8094.073975574506,373776,7177
2025-08-24,google_ads_brand,8030.9983608395,420800,10815
2025-08-25,google_ads_brand,16924.405409690025,847567,19227
2025-08-26,google_ads_brand,6812.843116940589,383684,4752
2025-08-27,google_ads_brand,8076.224892614616,559875,8086
2025-08-28,google_ads_brand,3653.882091699708,272087,3457
2025-08-29,google_ads_brand,7298.685599663883,452964,12265
2025-08-30,google_ads_brand,8826.0565879087,607146,19431
2025-08-31,google_ads_brand,10075.682301482471,488989,5469
2025-09-01,google_ads_brand,5132.796824379696,366105,8891
2025-09-02,google_ads_brand,3748.0773284920374,212023,5849
2025-09-03,google_ads_brand,9754.237616987386,611656,15265
2025-09-04,google_ads_brand,5835.851528754251,341412,6793
2025-09-05,google_ads_brand,9270.585873227512,668234,8694
2025-09-06,google_ads_brand,7067.848022732135,408338,14113
2025-09-07,google_ads_brand,13351.012805426988,763670,26233
2025-09-08,google_ads_brand,4783.965249596154,218840,3315
2025-09-09,google_ads_brand,12208.54556728279,604523,14002
2025-09-10,google_ads_brand,4670.472508625431,295428,10109
2025-09-11,google_ads_brand,7945.942860444422,373235,4437
2025-09-12,google_ads_brand,7652.695707192759,409667,7811
2025-09-13,google_ads_brand,15904.073465757003,1045315,19233
2025-09-14,google_ads_brand,11358.024641101438,819456,28106
2025-09-15,google_ads_brand,7326.86591369929,498699,12480
2025-09-16,google_ads_brand,13760.536094961126,707973,10468
2025-09-17,google_ads_brand,10834.491959443842,789974,24904
2025-09-18,google_ads_brand,7599.089943326439,459393,5112
2025-09-19,google_ads_brand,7492.482990462804,463942,16207
2025-09-20,google_ads_brand,10710.190507883613,492313,15681
2025-09-21,google_ads_brand,8283.602590222885,507285,13658
2025-09-22,google_ads_brand,5962.043179402426,417624,8546
2025-09-23,google_ads_brand,7919.78618260656,567601,19365
2025-09-24,google_ads_brand,11644.827433641914,759149,10005
2025-09-25,google_ads_brand,6731.580406451311,425630,4696
2025-09-26,google_ads_brand,4762.759521720668,249152,5099
2025-09-27,google_ads_brand,8920.137161079374,414007,14077
2025-09-28,google_ads_brand,9950.966115097752,496286,17178
2025-09-29,google_ads_brand,10457.362775233822,501260,12969
2025-09-30,google_ads_brand,7711.794297189956,427708,8083
2025-10-01,google_ads_brand,7168.454444240835,436341,6234
2025-10-02,google_ads_brand,5766.967902299164,396003,8953
2025-10-03,google_ads_brand,10193.513785438528,733052,24294
2025-10-04,google_ads_brand,12962.759094953559,604542,18414
2025-10-05,google_ads_brand,4834.347700644135,252765,5144
2025-10-06,google_ads_brand,10762.283721208843,563370,9201
2025-10-07,google_ads_brand,5943.883843107554,346228,5505
2025-10-08,google_ads_brand,4323.677685089502,205243,6431
2025-10-09,google_ads_brand,5038.707580285455,377188,12511
2025-10-10,google_ads_brand,6310.56540753222,391564,5230
2025-10-11,google_ads_brand,5670.761777898183,263962,3242
2025-10-12,google_ads_brand,6049.699984878241,281965,6165
2025-10-13,google_ads_brand,5866.491765718392,264692,2954
2025-10-14,google_ads_brand,8667.935879538772,640306,17356
2025-10-15,google_ads_brand,13943.047623525777,862462,29547
2025-10-16,google_ads_brand,6394.574838928459,349958,8827
2025-10-17,google_ads_brand,10003.756378617045,676075,22505
2025-10-18,google_ads_brand,6079.9742540563075,274791,2798
2025-10-19,google_ads_brand,7539.979259615249,386510,7500
2025-10-20,google_ads_brand,5737.434126980918,328938,7580
2025-10-21,google_ads_brand,11118.27684500998,796913,18643
2025-10-22,google_ads_brand,14956.730711268548,818933,23283
2025-10-23,google_ads_brand,5290.123766423747,260445,3266
2025-10-24,google_ads_brand,8459.490674293223,535878,16780
2025-10-25,google_ads_brand,5455.738171342702,392748,6762
2025-10-26,google_ads_brand,4576.985704680881,228217,4488
2025-10-27,google_ads_brand,6213.82620169693,431307,8487
2025-10-28,google_ads_brand,7332.36716442183,415425,5628
2025-10-29,google_ads_brand,6774.422196649847,397697,12361
2025-10-30,google_ads_brand,6883.572160690127,315979,4821
2025-10-31,google_ads_brand,7034.39921288818,387157,11681
2025-11-01,google_ads_brand,6447.818746274058,312404,6922
2025-11-02,google_ads_brand,4779.004317379029,222419,7363
2025-11-03,google_ads_brand,8324.61248419182,429099,8142
2025-11-04,google_ads_brand,11216.721089593919,508527,6686
2025-11-05,google_ads_brand,3821.182928489076,219755,6521
2025-11-06,google_ads_brand,6415.282505605379,471721,14362
2025-11-07,google_ads_brand,6591.56263022661,406385,8390
2025-11-08,google_ads_brand,8848.709775816978,474726,7127
2025-11-09,google_ads_brand,13912.148586076219,785316,12479
2025-11-10,google_ads_brand,5103.5902502778645,371145,7063
2025-11-11,google_ads_brand,5328.402956226928,300499,9809
2025-11-12,google_ads_brand,4766.072960159975,215298,7285
2025-11-13,google_ads_brand,7131.453098727998,446682,13496
2025-11-14,google_ads_brand,4372.970226688235,258457,7388
2025-11-15,google_ads_brand,9864.009312371216,657517,11238
2025-11-16,google_ads_brand,7854.5911955477795,403612,8662
2025-11-17,google_ads_brand,8223.214669462612,505322,12027
2025-11-18,google_ads_brand,8977.599274729844,592096,7547
2025-11-19,google_ads_brand,5843.061477104567,301242,8282
2025-11-20,google_ads_brand,11141.067144656075,665570,15569
2025-11-21,google_ads_brand,7197.587722542764,534345,18018
2025-11-22,google_ads_brand,10754.879362462632,528855,7177
2025-11-23,google_ads_brand,4646.480349041508,248975,3454
2025-11-24,google_ads_brand,6994.594972828548,511190,14733
2025-11-25,google_ads_brand,7294.697579681834,446546,13317
2025-11-26,google_ads_brand,7739.174306196937,467628,14755
2025-11-27,google_ads_brand,12149.289430139554,857260,29570
2025-11-28,google_ads_brand,7764.867303112348,426923,11366
2025-11-29,google_ads_brand,11676.420648812094,774182,8592
2025-11-30,google_ads_brand,12917.345759228689,641807,17036
2025-12-01,google_ads_brand,9045.477225749593,523473,15066
2025-12-02,google_ads_brand,10937.865034418262,509437,9022
2025-12-03,google_ads_brand,3970.8763071670237,253511,2582
2025-12-04,google_ads_brand,10128.918378367307,527023,17756
2025-12-05,google_ads_brand,8746.838905030649,404305,10091
2025-12-06,google_ads_brand,6332.891059792064,338841,4358
2025-12-07,google_ads_brand,15441.503089475113,896875,27305
2025-12-08,google_ads_brand,12293.984603805971,567224,13587
2025-12-09,google_ads_brand,9373.806067009393,700736,7504
2025-12-10,google_ads_brand,8294.48985242764,466094,16013
2025-12-11,google_ads_brand,8740.679403634336,498318,14658
2025-12-12,google_ads_brand,17172.2684125024,878666,21464
2025-12-13,google_ads_brand,4878.421842512832,297236,7840
2025-12-14,google_ads_brand,16855.519818107427,1023723,16760
2025-12-15,google_ads_brand,10978.676241273164,508003,9621
2025-12-16,google_ads_brand,15871.070501816988,924670,29829
2025-12-17,google_ads_brand,14780.7835311986,876714,12506
2025-12-18,google_ads_brand,7006.337915579345,462642,11531
2025-12-19,google_ads_brand,10525.442118742256,529294,10364
2025-12-20,google_ads_brand,12612.02063151832,626702,20949
2025-12-21,google_ads_brand,13512.129059871337,890570,9226
2025-12-22,google_ads_brand,6952.949742855329,361969,4917
2025-12-23,google_ads_brand,11108.543589929492,590495,13864
2025-12-24,google_ads_brand,10464.285842913217,687503,14540
2025-12-25,google_ads_brand,6895.672878809361,467201,5268
2025-12-26,google_ads_brand,10303.536174457297,681696,11609
2025-12-27,google_ads_brand,5509.704521561536,366763,9261
2025-12-28,google_ads_brand,10857.427249473769,708443,18898
2025-12-29,google_ads_brand,19622.90616463454,1114528,18941
2025-12-30,google_ads_brand,6241.525802238077,412729,10928
2025-12-31,google_ads_brand,5914.156049458693,282094,8779
2026-01-01,google_ads_brand,6764.399001256085,343903,9918
2026-01-02,google_ads_brand,7025.847092950855,387840,9798
2026-01-03,google_ads_brand,9728.071399670009,598542,12422
2026-01-04,google_ads_brand,5120.794489791737,262308,4896
2026-01-05,google_ads_brand,8143.928883706399,540293,13739
2026-01-06,google_ads_brand,3910.2555539102846,291354,4250
2026-01-07,google_ads_brand,7185.060472177311,497301,7314
2026-01-08,google_ads_brand,9439.453022540187,619924,12722
2026-01-09,google_ads_brand,6228.947730662136,436094,11071
2026-01-10,google_ads_brand,10041.060124855134,639875,9359
2026-01-11,google_ads_brand,10137.63421214855,466144,15644
2026-01-12,google_ads_brand,7588.8300155371435,524765,11284
2026-01-13,google_ads_brand,8108.700242274747,459336,5083
2026-01-14,google_ads_brand,5469.771770916799,368329,6671
2026-01-15,google_ads_brand,12072.296036332373,752807,17202
2026-01-16,google_ads_brand,10354.131201387945,660199,20491
2026-01-17,google_ads_brand,10005.467713758662,749634,21748
2026-01-18,google_ads_brand,6683.613019792319,461745,10297
2026-01-19,google_ads_brand,3379.6851395247036,169742,3810
2026-01-20,google_ads_brand,4733.137462110311,266865,4302
2026-01-21,google_ads_brand,5536.1008137108975,329715,10149
2026-01-22,google_ads_brand,4533.041086133648,301620,3959
2026-01-23,google_ads_brand,9426.430578756721,505891,6284
2026-01-24,google_ads_brand,6517.394564558517,326107,3549
2026-01-25,google_ads_brand,5411.880355205197,244307,5430
2026-01-26,google_ads_brand,10455.580946586459,639549,8898
2026-01-27,google_ads_brand,8788.564402531423,612503,6457
2026-01-28,google_ads_brand,7909.799583667614,429373,13395
2026-01-29,google_ads_brand,4009.2494015289267,185231,4818
2026-01-30,google_ads_brand,3794.7245365811737,280225,4367
2026-01-31,google_ads_brand,7618.3554095154095,538265,5470
2026-02-01,google_ads_brand,6149.2257195889915,337530,11048
2026-02-02,google_ads_brand,6908.166541510117,486850,16275
2026-02-03,google_ads_brand,6381.6809036561735,450054,11903
2026-02-04,google_ads_brand,7181.958754157981,478467,15115
2026-02-05,google_ads_brand,14170.394369186213,954768,23460
2026-02-06,google_ads_brand,8238.921054893352,525929,5547
2026-02-07,google_ads_brand,10796.644629355853,722021,14102
2026-02-08,google_ads_brand,6928.443747240309,361904,9519
2026-02-09,google_ads_brand,5488.822493441327,337753,5014
2026-02-10,google_ads_brand,8987.760927101923,470900,7701
2026-02-11,google_ads_brand,7113.116104513061,507847,7129
2026-02-12,google_ads_brand,6004.438688564191,386092,8760
2026-02-13,google_ads_brand,4013.9640147105115,205520,5431
2026-02-14,google_ads_brand,5893.845289022765,298834,6534
2026-02-15,google_ads_brand,3847.202482646216,219641,4462
2026-02-16,google_ads_brand,5518.296814635093,317023,9855
2026-02-17,google_ads_brand,6085.115169301827,314380,6533
2026-02-18,google_ads_brand,6484.1439005859065,414613,14151
2026-02-19,google_ads_brand,6439.304223199033,451623,12065
2026-02-20,google_ads_brand,7086.872903386562,528845,11664
2026-02-21,google_ads_brand,7203.156209810597,448103,8323
2026-02-22,google_ads_brand,9156.310779080977,588892,15754
2026-02-23,google_ads_brand,8991.598015465876,450836,7018
2026-02-24,google_ads_brand,8062.938942313743,372429,10527
2026-02-25,google_ads_brand,6466.03080495176,444724,5140
2026-02-26,google_ads_brand,7671.854057211888,508860,13255
2026-02-27,google_ads_brand,10060.911993718362,693392,12097
2026-02-28,google_ads_brand,5331.238024490459,246372,4560
2026-03-01,google_ads_brand,11107.938161847911,537085,9556
2026-03-02,google_ads_brand,9430.65592701227,697589,17789
2026-03-03,google_ads_brand,3432.542732890204,199630,6606
2026-03-04,google_ads_brand,11136.392485636577,608412,13034
2026-03-05,google_ads_brand,10181.79171263836,466479,13386
2026-03-06,google_ads_brand,7276.038737928939,345333,5792
2026-03-07,google_ads_brand,8380.580228693249,501015,14996
2026-03-08,google_ads_brand,10351.408175200411,613779,20275
2026-03-09,google_ads_brand,14705.54332891982,940935,28676
2026-03-10,google_ads_brand,6095.652856987561,333757,6293
2026-03-11,google_ads_brand,7847.029967295188,435721,5997
2026-03-12,google_ads_brand,10574.024320660686,669691,12146
2026-03-13,google_ads_brand,14414.78928702137,777112,21808
2026-03-14,google_ads_brand,7303.49096955382,467597,6914
2026-03-15,google_ads_brand,9306.96926956154,644040,7251
2026-03-16,google_ads_brand,7407.897432006656,441843,7180
2026-03-17,google_ads_brand,7469.929756563612,406820,11449
2026-03-18,google_ads_brand,9048.504868421878,660656,8977
2026-03-19,google_ads_brand,12004.493500353605,842259,9303
2026-03-20,google_ads_brand,13119.225145218228,601379,12487
2026-03-21,google_ads_brand,7814.37342732538,470203,7076
2026-03-22,google_ads_brand,9010.395870110648,448844,11928
2026-03-23,google_ads_brand,5621.620609357287,274745,7099
2026-03-24,google_ads_brand,3775.5090296733033,222433,4098
2026-03-25,google_ads_brand,4725.837142427374,351298,4729
2026-03-26,google_ads_brand,9495.307176247294,551600,18806
2026-03-27,google_ads_brand,6419.198454569188,445032,7834
2026-03-28,google_ads_brand,10235.369687080149,641722,22145
2026-03-29,google_ads_brand,9930.027900645402,527983,6276
2026-03-30,google_ads_brand,7183.987678613586,332386,4926
2026-03-31,google_ads_brand,14230.303678057144,711768,10972
2026-04-01,google_ads_brand,6307.429443931791,313037,8038
2026-04-02,google_ads_brand,8149.1588826416955,482899,16038
2026-04-03,google_ads_brand,9589.463283005582,446889,14485
2026-04-04,google_ads_brand,10782.82232327272,632961,6763
2026-04-05,google_ads_brand,4968.21471047747,231748,6378
2026-04-06,google_ads_brand,6601.279420523602,347338,5537
2026-04-07,google_ads_brand,5945.200764856281,362901,8912
2026-04-08,google_ads_brand,6254.947941697233,432455,14469
2026-04-09,google_ads_brand,10523.213047732064,585063,10309
2026-04-10,google_ads_brand,6084.1941086172155,436066,13729
2026-04-11,google_ads_brand,7681.341308367449,452932,4851
2026-04-12,google_ads_brand,6711.753408206156,497215,12912
2026-04-13,google_ads_brand,10442.927566093162,476736,10145
2026-04-14,google_ads_brand,14179.263103426843,930608,12388
2026-04-15,google_ads_brand,6901.053314332726,328940,10584
2026-04-16,google_ads_brand,6433.96487332694,389294,8264
2026-04-17,google_ads_brand,8587.759273117255,451331,10503
2026-04-18,google_ads_brand,3838.00276739139,269858,8979
2026-04-19,google_ads_brand,7711.489102311688,407153,14115
2026-04-20,google_ads_brand,5527.0556488612165,285126,7889
2026-04-21,google_ads_brand,5162.403936609883,334149,6776
2026-04-22,google_ads_brand,7103.634702628289,507477,17738
2026-04-23,google_ads_brand,5961.516841025966,358227,3905
2026-04-24,google_ads_brand,6676.224371867897,458650,13121
2026-04-25,google_ads_brand,6560.20269391235,425490,11699
2026-04-26,google_ads_brand,6412.741805094399,461265,9224
2026-04-27,google_ads_brand,5822.049989939317,351160,6170
2026-04-28,google_ads_brand,4237.323884654996,234399,3400
2026-04-29,google_ads_brand,7725.781962688157,556769,14640
2026-04-30,google_ads_brand,9476.380136348165,512123,10547
2026-05-01,google_ads_brand,5188.119222105237,375313,5956
2026-05-02,google_ads_brand,3185.5412967198654,152548,4115
2026-05-03,google_ads_brand,7333.573507544259,517098,11866
2026-05-04,google_ads_brand,8240.407587390488,406852,12807
2026-05-05,google_ads_brand,7250.51555374282,362637,9922
2026-05-06,google_ads_brand,6007.206582138369,327148,4319
2026-05-07,google_ads_brand,11334.489765291668,717744,16938
2026-05-08,google_ads_brand,6858.697075119271,374282,11727
2026-05-09,google_ads_brand,8326.100179228406,390512,7172
2026-05-10,google_ads_brand,4267.713257088971,226615,6682
2026-05-11,google_ads_brand,7043.048130331041,415740,14043
2026-05-12,google_ads_brand,6821.919849818503,485361,10061
2026-05-13,google_ads_brand,7187.4741094667315,531800,13430
2026-05-14,google_ads_brand,9351.482135577624,643380,11807
2026-05-15,google_ads_brand,9815.56146058539,642062,15424
2026-05-16,google_ads_brand,6603.345651707953,423375,9431
2026-05-17,google_ads_brand,10221.778662512761,727862,10227
2026-05-18,google_ads_brand,5747.151893831274,378721,4824
2026-05-19,google_ads_brand,9428.614782319462,554191,10274
2026-05-20,google_ads_brand,4037.185151771118,214226,6958
2026-05-21,google_ads_brand,14456.771839578072,926366,24503
2026-05-22,google_ads_brand,8224.762990143496,616516,9259
2026-05-23,google_ads_brand,8013.585182828109,559713,13608
2026-05-24,google_ads_brand,9304.72815952846,501807,15508
2026-05-25,google_ads_brand,5261.438189377715,264369,3456
2026-05-26,google_ads_brand,5689.399128916027,332462,4776
2026-05-27,google_ads_brand,9478.017212622115,593557,11215
2026-05-28,google_ads_brand,4915.819672600612,281744,9286
2026-05-29,google_ads_brand,7370.255538166905,408983,8163
2026-05-30,google_ads_brand,8473.240050882185,427871,5232
2026-05-31,google_ads_brand,8301.400207434452,430884,11738
2026-06-01,google_ads_brand,16222.879087459227,835901,15819
2026-06-02,google_ads_brand,7419.951033563737,371645,12623
2026-06-03,google_ads_brand,6967.772623659395,472648,6276
2026-06-04,google_ads_brand,9753.792421219463,706452,11610
2026-06-05,google_ads_brand,9292.304793989248,460472,13265
2026-06-06,google_ads_brand,7661.380990235619,510417,8388
2026-06-07,google_ads_brand,9752.379049873329,729182,23533
2026-06-08,google_ads_brand,6536.304965379434,466259,9190
2026-06-09,google_ads_brand,14397.009136194856,952072,33082
2026-06-10,google_ads_brand,6560.996496565865,375734,7364
2026-06-11,google_ads_brand,6781.692313983239,338813,9071
2026-06-12,google_ads_brand,12043.008677213122,644246,17098
2026-06-13,google_ads_brand,5765.316455174126,427625,11725
2026-06-14,google_ads_brand,6158.261955489354,321717,6022
2026-06-15,google_ads_brand,5713.590732992867,358354,7972
2026-06-16,google_ads_brand,12083.801121602932,548547,18106
2026-06-17,google_ads_brand,13360.651010292115,603318,12947
2026-06-18,google_ads_brand,6384.335721589038,443934,9705
2026-06-19,google_ads_brand,7331.841346454124,384633,9174
2026-06-20,google_ads_brand,12513.73228162279,835332,24407
2026-06-21,google_ads_brand,8445.377785446133,619461,13378
2026-06-22,google_ads_brand,9766.916758781843,696889,24228
2026-06-23,google_ads_brand,6390.028849382807,344043,9116
2026-06-24,google_ads_brand,4382.328206786548,261736,4535
2026-06-25,google_ads_brand,6618.233755415553,302512,9666
2026-06-26,google_ads_brand,10857.022064627177,603115,9987
2026-06-27,google_ads_brand,9214.311935360713,664993,22448
2026-06-28,google_ads_brand,5257.008429645356,292777,7767
2026-06-29,google_ads_brand,4574.5525698879765,279761,5747
2026-06-30,google_ads_brand,8882.012596692986,577170,14670
2026-07-01,google_ads_brand,14050.89568346365,1029090,30845
2026-07-02,google_ads_brand,9889.921129900276,501961,15322
2026-07-03,google_ads_brand,5554.826927451179,268005,3858
2026-07-04,google_ads_brand,7742.429211365281,408932,9262
2026-07-05,google_ads_brand,10067.67188123864,480534,11385
2026-07-06,google_ads_brand,7743.877806986371,532149,10948
2026-07-07,google_ads_brand,5297.041849556214,324600,5098
2026-07-08,google_ads_brand,5970.393358133412,339057,11550
2026-07-09,google_ads_brand,9009.03738001724,434303,8471
2026-07-10,google_ads_brand,3960.4680392286423,231101,5457
2026-07-11,google_ads_brand,7571.648348202734,470755,14543
2026-07-12,google_ads_brand,8760.57321787539,520494,15018
2026-07-13,google_ads_brand,8044.048780592567,481321,10078
2026-07-14,google_ads_brand,4647.592729539862,265049,5661
2026-07-15,google_ads_brand,5532.652694118911,250677,3442
2026-07-16,google_ads_brand,3403.032839866357,207708,3355
2026-07-17,google_ads_brand,5417.741829550016,245172,6784
2026-07-18,google_ads_brand,9201.168503749152,688067,18569
2026-07-19,google_ads_brand,5227.1926225831385,305841,9491
2026-07-20,google_ads_brand,6019.951091499295,361527,4925
2026-07-21,google_ads_brand,8436.805995926004,468089,5422
2026-07-22,google_ads_brand,10322.712143454792,752243,20586
2026-07-23,google_ads_brand,10932.70785963495,707542,15484
2026-07-24,google_ads_brand,4810.0702257122975,235045,3609
2026-07-25,google_ads_brand,3656.079661977604,188793,6450
2026-07-26,google_ads_brand,7944.603021795062,463707,14979
2026-07-27,google_ads_brand,5365.749863218498,277359,4880
2026-07-28,google_ads_brand,7288.863722781276,460394,4715
2026-07-29,google_ads_brand,6586.575287324828,324978,6353
2026-07-30,google_ads_brand,6755.430387766835,398864,6173
2026-07-31,google_ads_brand,9172.95078879823,624154,6717
2026-08-01,google_ads_brand,5232.397026506973,357312,8957
2026-08-02,google_ads_brand,8275.492923603359,502582,5329
2026-08-03,google_ads_brand,7128.1402476191215,412102,12218
2026-08-04,google_ads_brand,5816.479151820387,432362,11634
2026-08-05,google_ads_brand,6683.099963754347,385324,6711
2026-08-06,google_ads_brand,7571.553862372045,421054,6829
2026-08-07,google_ads_brand,6735.928396257096,502585,5251
2026-08-08,google_ads_brand,3224.2790097139705,239375,5438
2026-08-09,google_ads_brand,7617.439368463034,418801,10611
2026-08-10,google_ads_brand,8643.569091079238,638637,12420
2026-08-11,google_ads_brand,4823.116748722766,235633,5134
2026-08-12,google_ads_brand,18104.949560837038,1298503,18187
2026-08-13,google_ads_brand,6824.90323103328,456078,11016
2026-08-14,google_ads_brand,5890.403192606841,375280,6262
2026-08-15,google_ads_brand,10226.9674004992,623962,12279
2026-08-16,google_ads_brand,7004.340775221644,378653,7968
2026-08-17,google_ads_brand,7325.131046508159,537577,11027
2026-08-18,google_ads_brand,8304.26893775354,610219,8338
2026-08-19,google_ads_brand,11422.224920522896,661930,7148
2026-08-20,google_ads_brand,6412.557071788889,309699,3109
2026-08-21,google_ads_brand,7475.0016828071375,540499,15667
2026-08-22,google_ads_brand,5905.656233246263,374606,3770
2026-08-23,google_ads_brand,6591.070107373109,374085,10832
2026-08-24,google_ads_brand,8690.768203101325,393864,7341
2026-08-25,google_ads_brand,8090.866646295452,458818,11140
2026-08-26,google_ads_brand,11261.33121476022,770009,14482
2026-08-27,google_ads_brand,11240.513258304904,788327,27151
2026-08-28,google_ads_brand,6794.643339310728,491036,6764
2026-08-29,google_ads_brand,5639.345252102086,382225,6818
2026-08-30,google_ads_brand,8937.182086125284,446505,14022
